parameter,parameter_label,parameter_key,parameter_value,scenario,scenario_label,rate_multiplier,runs,status,avg_e2e_ms_mean,avg_e2e_ms_std,p95_ms_mean,p95_ms_std,p99_ms_mean,p99_ms_std,success_rate_mean,success_rate_std,cold_start_share_mean,cold_start_share_std
lmax,$L_{max}$,hpwp_lmax_high,1.0,low,Low,5e-05,3,ok,3163.355036456194,173.88066396318277,5688.466666666666,68.67853255081535,6938.469999999997,577.2623721497905,1.0,0.0,0.619266992088057,0.013248239805296404
lmax,$L_{max}$,hpwp_lmax_high,1.0,mid,Medium,0.0001,3,ok,2486.263450008488,145.29491960104392,4975.399999999999,378.36137487856803,6919.7333333333345,491.11700696813494,1.0,0.0,0.520203198666299,0.008829963010679672
lmax,$L_{max}$,hpwp_lmax_high,1.0,high,High,0.0002,3,ok,2021.0390550219827,87.8661736879817,4677.133333333334,178.11064912950386,6879.363333333334,500.6435870290698,1.0,0.0,0.4134868916629085,0.0049193401703466035
lmax,$L_{max}$,hpwp_lmax_high,2.0,low,Low,5e-05,3,ok,3164.2845466115105,172.37683282138354,5737.666666666667,61.457471745372786,7009.16333333332,536.0198067546936,1.0,0.0,0.6174706822913374,0.0129864529744201
lmax,$L_{max}$,hpwp_lmax_high,2.0,mid,Medium,0.0001,3,ok,2545.4150056042367,150.7986031397991,5060.533333333333,412.546025715111,6928.066666666676,424.17009339808936,1.0,0.0,0.5280236905337942,0.007939172503195546
lmax,$L_{max}$,hpwp_lmax_high,2.0,high,High,0.0002,3,ok,1997.6925754148485,115.97918025237854,4699.25,257.7429678963133,6245.546666666669,383.41461857020545,1.0,0.0,0.40498292276879827,0.003965320673153107
lmax,$L_{max}$,hpwp_lmax_high,3.0,low,Low,5e-05,3,ok,3164.2845466115105,172.37683282138354,5737.666666666667,61.457471745372786,7009.16333333332,536.0198067546936,1.0,0.0,0.6174706822913374,0.0129864529744201
lmax,$L_{max}$,hpwp_lmax_high,3.0,mid,Medium,0.0001,3,ok,2565.2399770374927,233.22139994879137,5111.933333333332,473.2149652465926,6837.106666666669,601.2622357452248,1.0,0.0,0.5336392545875629,0.018987831336028053
lmax,$L_{max}$,hpwp_lmax_high,3.0,high,High,0.0002,3,ok,2001.0371515905128,98.77519268106106,4651.916666666665,177.29694253802856,6410.610000000001,508.33610642960065,1.0,0.0,0.4044452338900512,0.005195660319534681
lmax,$L_{max}$,hpwp_lmax_high,4.0,low,Low,5e-05,3,ok,3164.2845466115105,172.37683282138354,5737.666666666667,61.457471745372786,7009.16333333332,536.0198067546936,1.0,0.0,0.6174706822913374,0.0129864529744201
lmax,$L_{max}$,hpwp_lmax_high,4.0,mid,Medium,0.0001,3,ok,2530.0997532018314,180.53007069519157,5068.333333333333,333.0491605353987,6855.2466666666705,557.6795256536954,1.0,0.0,0.526753376898388,0.0187838064393186
lmax,$L_{max}$,hpwp_lmax_high,4.0,high,High,0.0002,3,ok,1980.142445614333,101.56509216670551,4593.466666666666,310.6894000981246,6501.646666666677,353.3481944673436,1.0,0.0,0.39681237016589094,0.00771776683661691
lmax,$L_{max}$,hpwp_lmax_high,5.0,low,Low,5e-05,3,ok,3164.2845466115105,172.37683282138354,5737.666666666667,61.457471745372786,7009.16333333332,536.0198067546936,1.0,0.0,0.6174706822913374,0.0129864529744201
lmax,$L_{max}$,hpwp_lmax_high,5.0,mid,Medium,0.0001,3,ok,2531.850627826157,181.41671697294063,4935.233333333333,433.82379295439034,6744.939999999999,754.7671312398347,1.0,0.0,0.5234857379270951,0.010684154920428304
lmax,$L_{max}$,hpwp_lmax_high,5.0,high,High,0.0002,3,ok,2005.880804219399,84.98593691967902,4635.883333333334,239.3978714051844,6714.276666666675,359.154725756648,1.0,0.0,0.40297830681386543,0.011584008128723
rho_mass,$\rho_{mass}$,hpwp_rho_mass,0.3,low,Low,5e-05,3,ok,3162.838052686755,170.28359919125813,5671.283333333332,250.514192878034,7494.266666666662,98.52541516447461,1.0,0.0,0.6159968162842585,0.014579563726823296
rho_mass,$\rho_{mass}$,hpwp_rho_mass,0.3,mid,Medium,0.0001,3,ok,2520.9873890442436,124.99358899693553,4963.933333333333,402.12961011760143,6546.773333333338,82.77200573462792,1.0,0.0,0.5296455287005163,0.014562175853358767
rho_mass,$\rho_{mass}$,hpwp_rho_mass,0.3,high,High,0.0002,3,ok,1991.1484770956683,97.15551977182317,4598.033333333333,211.6466473472549,6288.826666666675,585.1203603818077,1.0,0.0,0.4013351817969502,0.003496373908951023
rho_mass,$\rho_{mass}$,hpwp_rho_mass,0.4,low,Low,5e-05,3,ok,3137.128403010942,220.00641144157316,5671.633333333332,77.03808041049093,7194.889999999993,776.2516404491549,1.0,0.0,0.6141089396402023,0.012913597868151161
rho_mass,$\rho_{mass}$,hpwp_rho_mass,0.4,mid,Medium,0.0001,3,ok,2546.2236943614384,118.508753592452,5111.699999999998,339.68943168724076,6570.126666666667,211.6285664397237,1.0,0.0,0.5306691166914477,0.0011455529345102587
rho_mass,$\rho_{mass}$,hpwp_rho_mass,0.4,high,High,0.0002,3,ok,1999.2997234234338,97.34895425759521,4671.966666666667,167.55632883700022,6824.356666666685,123.90986899087196,1.0,0.0,0.40341685773158925,0.010860315977541956
rho_mass,$\rho_{mass}$,hpwp_rho_mass,0.5,low,Low,5e-05,3,ok,3164.2845466115105,172.37683282138354,5737.666666666667,61.457471745372786,7009.16333333332,536.0198067546936,1.0,0.0,0.6174706822913374,0.0129864529744201
rho_mass,$\rho_{mass}$,hpwp_rho_mass,0.5,mid,Medium,0.0001,3,ok,2550.8489147004966,179.68875715974448,5042.633333333332,340.8041128468579,6677.12000000001,681.8532284883768,1.0,0.0,0.5310573742819114,0.012629997264676375
rho_mass,$\rho_{mass}$,hpwp_rho_mass,0.5,high,High,0.0002,3,ok,1986.8312609381253,61.17522878990153,4646.833333333333,156.7495560865584,6520.5866666666725,110.43153414370029,1.0,0.0,0.4009367657206364,0.011025828393640703
rho_mass,$\rho_{mass}$,hpwp_rho_mass,0.6,low,Low,5e-05,3,ok,3087.766002120315,192.84110583028,5495.533333333332,76.89553519765461,7159.199999999998,1152.9649090930745,1.0,0.0,0.6074938542548332,0.007429436875850183
rho_mass,$\rho_{mass}$,hpwp_rho_mass,0.6,mid,Medium,0.0001,3,ok,2507.619375511222,174.57257323421547,5052.066666666667,453.0401122785196,6212.766666666671,349.6069486342295,1.0,0.0,0.5272263496434492,0.013256697116058596
rho_mass,$\rho_{mass}$,hpwp_rho_mass,0.6,high,High,0.0002,3,ok,1979.4821203666777,108.86732712101708,4635.833333333335,219.49620345995163,6853.390000000022,326.32852265777717,1.0,0.0,0.3980062204546806,0.004259834826411113
rho_mass,$\rho_{mass}$,hpwp_rho_mass,0.7,low,Low,5e-05,3,ok,3145.290534494076,172.69602793934473,5704.716666666667,175.66613456592395,7341.2,749.0494025763587,1.0,0.0,0.6144938576509792,0.004568240730499854
rho_mass,$\rho_{mass}$,hpwp_rho_mass,0.7,mid,Medium,0.0001,3,ok,2480.2056207413866,182.07263436011345,5023.333333333332,518.1227106905615,6520.053333333336,133.44592063204016,1.0,0.0,0.5190980451298145,0.008330058614138276
rho_mass,$\rho_{mass}$,hpwp_rho_mass,0.7,high,High,0.0002,3,ok,1989.2612830771495,75.93893230016981,4599.233333333334,147.9082260502548,6634.616666666675,135.8556521950167,1.0,0.0,0.40223642743067883,0.011334259471705162
tau_p,$\tau_p$,hpwp_tau_p,0.008,low,Low,5e-05,3,ok,3148.9643554526097,197.37671494670215,5704.7,52.92643479396693,7278.763333333328,622.4499797038525,1.0,0.0,0.6176064052960438,0.012980398149059172
tau_p,$\tau_p$,hpwp_tau_p,0.008,mid,Medium,0.0001,3,ok,2526.9269943149475,155.6906976718351,4986.066666666666,417.16821946707927,6897.126666666667,465.1122162804751,1.0,0.0,0.5278293299983802,0.012167970587051047
tau_p,$\tau_p$,hpwp_tau_p,0.008,high,High,0.0002,3,ok,1994.9879896671555,99.56064381634623,4597.049999999996,213.25531060209943,6712.500000000012,258.8193199898424,1.0,0.0,0.40432219912896894,0.008991073298761143
tau_p,$\tau_p$,hpwp_tau_p,0.012,low,Low,5e-05,3,ok,3148.9643554526097,197.37671494670215,5704.7,52.92643479396693,7278.763333333328,622.4499797038525,1.0,0.0,0.6176064052960438,0.012980398149059172
tau_p,$\tau_p$,hpwp_tau_p,0.012,mid,Medium,0.0001,3,ok,2505.528799767822,156.11858422178364,4981.866666666666,399.8165120818969,6996.140000000003,452.8731795988809,1.0,0.0,0.522444193968644,0.008802070321281132
tau_p,$\tau_p$,hpwp_tau_p,0.012,high,High,0.0002,3,ok,1992.5578528524409,80.57821479912778,4588.233333333334,193.37410202333956,6403.283333333351,623.3687145128036,1.0,0.0,0.4030411639278797,0.00827613988392712
tau_p,$\tau_p$,hpwp_tau_p,0.016,low,Low,5e-05,3,ok,3164.2845466115105,172.37683282138354,5737.666666666667,61.457471745372786,7009.16333333332,536.0198067546936,1.0,0.0,0.6174706822913374,0.0129864529744201
tau_p,$\tau_p$,hpwp_tau_p,0.016,mid,Medium,0.0001,3,ok,2556.20631754504,131.66549585436093,5109.499999999999,395.87821359605107,6857.866666666661,564.6255645410889,1.0,0.0,0.5335369630837156,0.005674102855106623
tau_p,$\tau_p$,hpwp_tau_p,0.016,high,High,0.0002,3,ok,2006.3940768097807,134.52457014373024,4713.7666666666655,322.67770814441536,6816.293333333338,318.1331710673113,1.0,0.0,0.4056522093407919,0.007781858368844417
tau_p,$\tau_p$,hpwp_tau_p,0.02,low,Low,5e-05,3,ok,3164.2845466115105,172.37683282138354,5737.666666666667,61.457471745372786,7009.16333333332,536.0198067546936,1.0,0.0,0.6174706822913374,0.0129864529744201
tau_p,$\tau_p$,hpwp_tau_p,0.02,mid,Medium,0.0001,3,ok,2580.5194644606427,118.48416170326936,5049.033333333333,461.9264479690832,6948.62666666667,594.9646921736941,1.0,0.0,0.5372667798058653,0.002967849298333236
tau_p,$\tau_p$,hpwp_tau_p,0.02,high,High,0.0002,3,ok,1981.504021181988,134.53482946007102,4602.4333333333325,272.27145155769205,6487.953333333338,406.59379746049245,1.0,0.0,0.39835629813458784,0.007416806146493113
tau_p,$\tau_p$,hpwp_tau_p,0.032,low,Low,5e-05,3,ok,3164.2845466115105,172.37683282138354,5737.666666666667,61.457471745372786,7009.16333333332,536.0198067546936,1.0,0.0,0.6174706822913374,0.0129864529744201
tau_p,$\tau_p$,hpwp_tau_p,0.032,mid,Medium,0.0001,3,ok,2516.741661111017,162.46745340901558,4998.966666666664,389.6493979635222,6827.839999999994,549.4036843706191,1.0,0.0,0.5239503904366432,0.010326889779266336
tau_p,$\tau_p$,hpwp_tau_p,0.032,high,High,0.0002,3,ok,2002.614909324627,126.38416601011143,4643.233333333333,252.81503779113532,6919.023333333364,694.0678093914054,1.0,0.0,0.40820255901322294,0.00819361370401607
forget_gamma,$\gamma$,hpwp_forget_gamma,0.75,low,Low,5e-05,3,ok,3163.355036456194,173.88066396318277,5688.466666666666,68.67853255081535,6938.469999999997,577.2623721497905,1.0,0.0,0.619266992088057,0.013248239805296404
forget_gamma,$\gamma$,hpwp_forget_gamma,0.75,mid,Medium,0.0001,3,ok,2496.0396527044704,120.52145414086671,4978.399999999999,428.9253897824186,6714.446666666663,639.9569867837657,1.0,0.0,0.5257157510946193,0.005116207720363583
forget_gamma,$\gamma$,hpwp_forget_gamma,0.75,high,High,0.0002,3,ok,2018.7814682068108,43.95912562980844,4665.516666666667,192.45403563794966,6597.063333333331,467.82977377816974,1.0,0.0,0.41122068389641137,0.013201455245108634
forget_gamma,$\gamma$,hpwp_forget_gamma,0.82,low,Low,5e-05,3,ok,3163.355036456194,173.88066396318277,5688.466666666666,68.67853255081535,6938.469999999997,577.2623721497905,1.0,0.0,0.619266992088057,0.013248239805296404
forget_gamma,$\gamma$,hpwp_forget_gamma,0.82,mid,Medium,0.0001,3,ok,2540.2748041098853,107.32842916330067,4973.099999999999,431.7711315037177,6968.48666666667,434.55879295365133,1.0,0.0,0.5307028815766608,0.006420575930617149
forget_gamma,$\gamma$,hpwp_forget_gamma,0.82,high,High,0.0002,3,ok,2005.7152780183867,120.2513141338673,4639.083333333333,245.52117186371797,6674.536666666677,508.8591966677437,1.0,0.0,0.4086254126705826,0.0022644387440703575
forget_gamma,$\gamma$,hpwp_forget_gamma,0.87,low,Low,5e-05,3,ok,3164.2845466115105,172.37683282138354,5737.666666666667,61.457471745372786,7009.16333333332,536.0198067546936,1.0,0.0,0.6174706822913374,0.0129864529744201
forget_gamma,$\gamma$,hpwp_forget_gamma,0.87,mid,Medium,0.0001,3,ok,2506.9455892322258,188.78364809478035,5060.433333333333,368.4101021054297,6872.333333333342,527.2458759756558,1.0,0.0,0.5272337170357143,0.01162725345918684
forget_gamma,$\gamma$,hpwp_forget_gamma,0.87,high,High,0.0002,3,ok,1979.637250393928,93.15161518011544,4663.833333333333,295.40958571673485,6681.403333333347,550.0767639460408,1.0,0.0,0.4003036827191037,0.006063207121999355
forget_gamma,$\gamma$,hpwp_forget_gamma,0.9,low,Low,5e-05,3,ok,3164.2845466115105,172.37683282138354,5737.666666666667,61.457471745372786,7009.16333333332,536.0198067546936,1.0,0.0,0.6174706822913374,0.0129864529744201
forget_gamma,$\gamma$,hpwp_forget_gamma,0.9,mid,Medium,0.0001,3,ok,2517.671851550119,139.89216949363438,4922.333333333333,450.0760639417889,6801.513333333333,674.8912120729947,1.0,0.0,0.5272216855663161,0.0052284194664420905
forget_gamma,$\gamma$,hpwp_forget_gamma,0.9,high,High,0.0002,3,ok,1994.3164396509637,60.60577773325069,4677.616666666666,211.18371346610263,6645.980000000003,347.49522701758383,1.0,0.0,0.4046432591129525,0.0095441061209095
forget_gamma,$\gamma$,hpwp_forget_gamma,0.95,low,Low,5e-05,3,ok,3164.2845466115105,172.37683282138354,5737.666666666667,61.457471745372786,7009.16333333332,536.0198067546936,1.0,0.0,0.6174706822913374,0.0129864529744201
forget_gamma,$\gamma$,hpwp_forget_gamma,0.95,mid,Medium,0.0001,3,ok,2532.4783609916994,188.44925876834685,5058.333333333333,308.2213057744931,6770.866666666668,128.6437566822924,1.0,0.0,0.5264570688028912,0.012236005448214913
forget_gamma,$\gamma$,hpwp_forget_gamma,0.95,high,High,0.0002,3,ok,1995.343587508226,90.08262663752967,4620.4,219.76198488364543,6541.16,223.55517260846585,1.0,0.0,0.4089230752579029,0.003960953723724913
