label,runs,avg_e2e_ms_mean,avg_e2e_ms_std,p50_ms_mean,p50_ms_std,p95_ms_mean,p95_ms_std,p99_ms_mean,p99_ms_std,success_rate_mean,success_rate_std,cold_start_share_mean,cold_start_share_std,hpwp_lmax_low,hpwp_lmax_high,hpwp_beta_hi,hpwp_beta_lo,hpwp_alpha_exp,hpwp_alpha_stable,hpwp_sched_eta_exec,hpwp_sched_min_sec,hpwp_sched_max_sec,hpwp_horizon_alpha,hpwp_urgency_epsilon_ms,hpwp_phase_window_k,hpwp_phase_n_min,hpwp_phase_var_threshold,hpwp_drift_short_k,hpwp_drift_long_k,hpwp_drift_delta_mr,hpwp_drift_tau_mr,hpwp_drift_branch_tau,hpwp_forget_gamma,hpwp_default_exec_ms,hpwp_default_cold_ms,hpwp_default_trans_ms,hpwp_seed_offset,hpwp_rho_mass,hpwp_tau_p,status
hpwp_29,3,2902.9444594788497,242.6590760299846,2597.8333333333335,182.06615098181575,5633.833333333331,479.7346071874867,7428.593333333327,563.0059581685823,1.0,0.0,0.4282947074131564,0.015074936144505151,2.0,4.0,60.0,10.0,0.8,0.08,0.425,1.0,15.0,3.5,500.0,30.0,12.0,0.06,30.0,180.0,0.28,0.72,0.75,0.9,40.0,800.0,8.0,2027.0,0.7,0.012,ok
hpwp_35,3,2919.110450952968,188.82955367100138,2647.5,124.03930828572045,5654.05,503.9653286685499,7353.083333333329,617.7058711339396,1.0,0.0,0.42330606075352945,0.014274788185246702,2.0,4.0,60.0,10.0,0.8,0.08,0.85,1.0,15.0,4.9,500.0,30.0,12.0,0.06,30.0,180.0,0.28,0.72,0.75,0.9,40.0,800.0,8.0,2027.0,0.55,0.008,ok
hpwp_20,3,2919.5554111695765,191.69935934291343,2650.6666666666665,133.09520402078107,5574.483333333334,435.3240067275558,7330.153333333328,594.4894832823674,1.0,0.0,0.4234722092821072,0.009190229907593267,2.0,4.0,60.0,10.0,0.8,0.08,0.675,1.0,15.0,4.9,500.0,30.0,12.0,0.06,30.0,180.0,0.28,0.72,0.75,0.9,40.0,800.0,8.0,2027.0,0.55,0.008,ok
hpwp_21,3,2928.691040652693,186.66398122419096,2641.1666666666665,137.32837774230543,5562.933333333333,413.957562237161,7347.979999999993,549.7166146297523,1.0,0.0,0.4213401143055922,0.002485469387708855,2.0,4.0,60.0,10.0,0.8,0.08,0.85,1.0,15.0,5.95,500.0,30.0,12.0,0.06,30.0,180.0,0.28,0.72,0.75,0.9,40.0,800.0,8.0,2027.0,0.6,0.024,ok
hpwp_08,3,2933.379831819591,155.21906386191492,2636.5,70.04105938661979,5533.116666666666,396.3504015808897,7308.096666666664,862.3813153317549,1.0,0.0,0.4307687231539159,0.009942380500902145,2.0,4.0,60.0,10.0,0.8,0.08,0.575,1.0,15.0,2.625,500.0,30.0,12.0,0.06,30.0,180.0,0.28,0.72,0.75,0.9,40.0,800.0,8.0,2027.0,0.55,0.012,ok
hpwp_12,3,2933.853612237263,198.67124815616097,2647.3333333333335,89.89067434018577,5626.449999999998,539.5358213316327,7155.113333333335,931.2207399609139,1.0,0.0,0.42862558399838074,0.014843143269330976,2.0,4.0,60.0,10.0,0.8,0.08,0.5,1.0,15.0,4.2,500.0,30.0,12.0,0.06,30.0,180.0,0.28,0.72,0.75,0.9,40.0,800.0,8.0,2027.0,0.55,0.024,ok
hpwp_34,3,2934.1587392881197,181.9414830999717,2647.0,127.35383779062177,5682.5999999999985,469.19591856707325,7292.939999999996,434.36152085561656,1.0,0.0,0.4244382063658245,0.017210543633629314,2.0,4.0,60.0,10.0,0.8,0.08,0.5,1.0,15.0,4.9,500.0,30.0,12.0,0.06,30.0,180.0,0.28,0.72,0.75,0.9,40.0,800.0,8.0,2027.0,0.45,0.016,ok
hpwp_31,3,2936.0488950976783,193.8333705863724,2637.1666666666665,162.9434973643727,5637.616666666666,474.7418517819262,7424.186666666667,614.4733564063959,1.0,0.0,0.4272669873398234,0.01575911235210675,2.0,4.0,60.0,10.0,0.8,0.08,0.575,1.0,15.0,3.5,500.0,30.0,12.0,0.06,30.0,180.0,0.28,0.72,0.75,0.9,40.0,800.0,8.0,2027.0,0.55,0.024,ok
hpwp_16,3,2938.9194916569263,191.83228329087316,2645.5,123.14726955966178,5598.099999999999,405.08111533370726,7640.7666666666655,796.5995815548329,1.0,0.0,0.4236315939255661,0.009163950091972115,2.0,4.0,60.0,10.0,0.8,0.08,0.425,1.0,15.0,3.5,500.0,30.0,12.0,0.06,30.0,180.0,0.28,0.72,0.75,0.9,40.0,800.0,8.0,2027.0,0.3,0.008,ok
hpwp_25,3,2943.80639852613,182.5079343086703,2653.1666666666665,101.88269398348933,5594.766666666666,440.1415719212779,7459.219999999997,545.0622158983273,1.0,0.0,0.42780491975802254,0.006969066743156942,2.0,4.0,60.0,10.0,0.8,0.08,0.425,1.0,15.0,5.95,500.0,30.0,12.0,0.06,30.0,180.0,0.28,0.72,0.75,0.9,40.0,800.0,8.0,2027.0,0.7,0.012,ok
hpwp_26,3,2945.1696885765064,166.42881549562316,2643.0,112.12047092302102,5621.399999999998,379.1656761891816,7506.246666666666,785.6484532749588,1.0,0.0,0.4258424185224173,0.005604270454178718,2.0,4.0,60.0,10.0,0.8,0.08,0.85,1.0,15.0,1.925,500.0,30.0,12.0,0.06,30.0,180.0,0.28,0.72,0.75,0.9,40.0,800.0,8.0,2027.0,0.6,0.016,ok
hpwp_36,3,2946.7367829072277,161.63509487567447,2650.0,69.3757882838098,5686.083333333333,435.5307346598324,7410.896666666663,362.8905904447498,1.0,0.0,0.42728663252878785,0.013604538516503355,2.0,4.0,60.0,10.0,0.8,0.08,0.575,1.0,15.0,3.5,500.0,30.0,12.0,0.06,30.0,180.0,0.28,0.72,0.75,0.9,40.0,800.0,8.0,2027.0,0.6,0.032,ok
hpwp_32,3,2948.1097932308658,127.53063114536543,2631.5,78.33741124137305,5628.833333333333,143.06824711770713,7778.949999999993,548.6066373094764,1.0,0.0,0.4244847027153627,0.009709946290322352,2.0,4.0,60.0,10.0,0.8,0.08,0.85,1.0,15.0,3.5,500.0,30.0,12.0,0.06,30.0,180.0,0.28,0.72,0.75,0.9,40.0,800.0,8.0,2027.0,0.4,0.012,ok
hpwp_24,3,2949.2586598642724,195.48570739392264,2665.1666666666665,130.6831409682723,5594.599999999999,412.1749749802869,8054.706666666665,761.3987552743531,1.0,0.0,0.4268993150636011,0.0012035319496441334,2.0,4.0,60.0,10.0,0.8,0.08,0.5,1.0,15.0,5.95,500.0,30.0,12.0,0.06,30.0,180.0,0.28,0.72,0.75,0.9,40.0,800.0,8.0,2027.0,0.6,0.016,ok
hpwp_19,3,2949.4809753798454,179.43623581424544,2657.5,98.61414705811738,5682.899999999999,509.28338869434896,7565.76666666666,734.3094217925618,1.0,0.0,0.424894702426899,0.01139626703257242,2.0,4.0,60.0,10.0,0.8,0.08,0.35,1.0,15.0,5.95,500.0,30.0,12.0,0.06,30.0,180.0,0.28,0.72,0.75,0.9,40.0,800.0,8.0,2027.0,0.3,0.024,ok
hpwp_15,3,2950.305402984544,149.85910271359643,2644.1666666666665,98.19920230497462,5589.583333333333,419.7088048079687,8093.779999999994,823.5161742188272,1.0,0.0,0.4258787830031367,0.004220965095999341,2.0,4.0,60.0,10.0,0.8,0.08,0.575,1.0,15.0,4.9,500.0,30.0,12.0,0.06,30.0,180.0,0.28,0.72,0.75,0.9,40.0,800.0,8.0,2027.0,0.5,0.016,ok
hpwp_04,3,2952.5922552270627,129.8916158047257,2663.0,72.50517222929686,5632.883333333334,367.0572718709347,7734.269999999996,355.1807099210121,1.0,0.0,0.42922258181991896,0.0073814450808241385,2.0,4.0,60.0,10.0,0.8,0.08,0.575,1.0,15.0,4.2,500.0,30.0,12.0,0.06,30.0,180.0,0.28,0.72,0.75,0.9,40.0,800.0,8.0,2027.0,0.5,0.02,ok
hpwp_18,3,2952.9796811947394,128.595852134129,2664.6666666666665,94.02836451482783,5694.5166666666655,437.8607722020019,7435.5199999999995,741.9752936587568,1.0,0.0,0.4301961643021847,0.006561346010858125,2.0,4.0,60.0,10.0,0.8,0.08,0.35,1.0,15.0,4.9,500.0,30.0,12.0,0.06,30.0,180.0,0.28,0.72,0.75,0.9,40.0,800.0,8.0,2027.0,0.4,0.008,ok
hpwp_11,3,2953.153130344757,154.7202581913688,2674.8333333333335,114.69779131846146,5506.899999999999,391.233216892431,7507.676666666659,516.6364453204314,1.0,0.0,0.42798629559066353,0.004091908272485792,2.0,4.0,60.0,10.0,0.8,0.08,0.425,1.0,15.0,4.9,500.0,30.0,12.0,0.06,30.0,180.0,0.28,0.72,0.75,0.9,40.0,800.0,8.0,2027.0,0.5,0.024,ok
hpwp_27,3,2953.9016998811335,146.9263399615835,2672.5,140.59071804354653,5514.25,369.4657257446212,7640.130000000001,1042.914783815051,1.0,0.0,0.4255506960040945,0.007763184570558075,2.0,4.0,60.0,10.0,0.8,0.08,0.5,1.0,15.0,4.9,500.0,30.0,12.0,0.06,30.0,180.0,0.28,0.72,0.75,0.9,40.0,800.0,8.0,2027.0,0.3,0.016,ok
hpwp_03,3,2955.545435100286,178.78905610484006,2669.3333333333335,147.0929411404005,5613.983333333333,339.7112094608202,7217.409999999997,462.5669703945552,1.0,0.0,0.42678441117685056,0.006010567628812102,2.0,4.0,60.0,10.0,0.8,0.08,0.85,1.0,15.0,5.95,500.0,30.0,12.0,0.06,30.0,180.0,0.28,0.72,0.75,0.9,40.0,800.0,8.0,2027.0,0.7,0.04,ok
hpwp_07,3,2958.0044930787576,172.7886082400054,2676.6666666666665,105.31065156636974,5718.983333333333,463.19278473798875,7825.246666666666,955.7554696329623,1.0,0.0,0.43189418559205467,0.01176132933983473,2.0,4.0,60.0,10.0,0.8,0.08,0.5,1.0,15.0,4.9,500.0,30.0,12.0,0.06,30.0,180.0,0.28,0.72,0.75,0.9,40.0,800.0,8.0,2027.0,0.45,0.02,ok
hpwp_33,3,2959.4995239560444,164.75690976021943,2650.1666666666665,33.927619034251926,5592.283333333332,399.18728791550086,7645.833333333331,687.7646714780686,1.0,0.0,0.4265849920511983,0.013458260123681525,2.0,4.0,60.0,10.0,0.8,0.08,0.5,1.0,15.0,2.625,500.0,30.0,12.0,0.06,30.0,180.0,0.28,0.72,0.75,0.9,40.0,800.0,8.0,2027.0,0.4,0.012,ok
hpwp_06,3,2962.4032994815607,171.69753935112612,2667.0,131.75355782672435,5646.016666666666,352.46590733478513,7462.726666666674,106.39729382524982,1.0,0.0,0.427558912562992,0.005905877153129907,2.0,4.0,60.0,10.0,0.8,0.08,0.425,1.0,15.0,5.95,500.0,30.0,12.0,0.06,30.0,180.0,0.28,0.72,0.75,0.9,40.0,800.0,8.0,2027.0,0.45,0.024,ok
hpwp_09,3,2964.4120466898416,145.36686923588164,2662.0,138.11227316933133,5635.8499999999985,379.9631199208684,7716.189999999988,695.8682225105633,1.0,0.0,0.42616291126200667,0.006191069879340429,2.0,4.0,60.0,10.0,0.8,0.08,0.675,1.0,15.0,3.5,500.0,30.0,12.0,0.06,30.0,180.0,0.28,0.72,0.75,0.9,40.0,800.0,8.0,2027.0,0.5,0.032,ok
hpwp_17,3,2965.327751569644,195.82612886421362,2752.3333333333335,152.13261758522836,5638.916666666667,323.21564911577804,8161.323333333331,702.81894797546,1.0,0.0,0.4315273027180873,0.011889427433452778,2.0,4.0,60.0,10.0,0.8,0.08,0.425,1.0,15.0,4.9,500.0,30.0,12.0,0.06,30.0,180.0,0.28,0.72,0.75,0.9,40.0,800.0,8.0,2027.0,0.5,0.032,ok
hpwp_02,3,2968.1085020438045,200.37610405652373,2654.1666666666665,144.32977285831683,5587.466666666664,423.7663310520691,7187.556666666667,497.50066395266316,1.0,0.0,0.42954669467654855,0.014380191514455146,2.0,4.0,60.0,10.0,0.8,0.08,0.35,1.0,15.0,1.925,500.0,30.0,12.0,0.06,30.0,180.0,0.28,0.72,0.75,0.9,40.0,800.0,8.0,2027.0,0.3,0.008,ok
hpwp_28,3,2969.205777768239,185.3134796899276,2659.0,114.38531374263044,5505.2166666666635,359.7887794711395,7563.88,276.3503544416112,1.0,0.0,0.4292167553407313,0.007575218501998868,2.0,4.0,60.0,10.0,0.8,0.08,0.85,1.0,15.0,1.925,500.0,30.0,12.0,0.06,30.0,180.0,0.28,0.72,0.75,0.9,40.0,800.0,8.0,2027.0,0.3,0.012,ok
hpwp_30,3,2971.586439720133,166.5934729860487,2694.5,75.34421012924616,5576.616666666666,405.6262945536607,7321.813333333332,538.5908815913392,1.0,0.0,0.4298067937729728,0.01525538329868424,2.0,4.0,60.0,10.0,0.8,0.08,0.675,1.0,15.0,1.925,500.0,30.0,12.0,0.06,30.0,180.0,0.28,0.72,0.75,0.9,40.0,800.0,8.0,2027.0,0.45,0.024,ok
hpwp_23,3,2976.287660174596,155.24637087528058,2673.6666666666665,106.36885509082691,5598.683333333333,402.13558762354415,8007.593333333328,310.9178067164042,1.0,0.0,0.43175206633748636,0.007594759834464455,2.0,4.0,60.0,10.0,0.8,0.08,0.35,1.0,15.0,3.5,500.0,30.0,12.0,0.06,30.0,180.0,0.28,0.72,0.75,0.9,40.0,800.0,8.0,2027.0,0.4,0.008,ok
hpwp_10,3,2977.746089609507,174.37673611886643,2670.1666666666665,164.7515806702119,5608.099999999999,427.61504884650674,7323.923333333326,332.08174239687355,1.0,0.0,0.4282122854207738,0.006914601821789123,2.0,4.0,60.0,10.0,0.8,0.08,0.575,1.0,15.0,5.95,500.0,30.0,12.0,0.06,30.0,180.0,0.28,0.72,0.75,0.9,40.0,800.0,8.0,2027.0,0.45,0.02,ok
hpwp_14,3,2980.217988931065,183.78889053070552,2678.0,127.40094191174569,5654.933333333332,329.35006199078407,7604.240000000002,192.26354516653745,1.0,0.0,0.4352885965714565,0.006383870333720722,2.0,4.0,60.0,10.0,0.8,0.08,0.425,1.0,15.0,4.2,500.0,30.0,12.0,0.06,30.0,180.0,0.28,0.72,0.75,0.9,40.0,800.0,8.0,2027.0,0.7,0.012,ok
hpwp_01,3,2987.105975281469,136.40494038997596,2681.0,91.9945650568554,5644.266666666666,379.77501673139744,7635.60333333333,293.5691029950744,1.0,0.0,0.43419603102624466,0.00647588622517205,2.0,4.0,60.0,10.0,0.8,0.08,0.5,1.0,15.0,3.5,500.0,30.0,12.0,0.06,30.0,180.0,0.28,0.72,0.75,0.9,40.0,800.0,8.0,2027.0,0.5,0.02,ok
hpwp_05,3,2999.286052221151,91.8148278894728,2698.1666666666665,112.17880073050047,5686.999999999999,196.6761042933272,7737.7733333333335,902.5726480086416,1.0,0.0,0.44012878956339874,0.00777293180112713,2.0,4.0,60.0,10.0,0.8,0.08,0.35,1.0,15.0,1.925,500.0,30.0,12.0,0.06,30.0,180.0,0.28,0.72,0.75,0.9,40.0,800.0,8.0,2027.0,0.5,0.04,ok
hpwp_13,3,3007.2246279336036,153.27302728383896,2702.6666666666665,75.36798613027506,5724.983333333333,469.57390880811676,7751.0233333333335,188.02216527136204,1.0,0.0,0.439683023275544,0.012410030377396242,2.0,4.0,60.0,10.0,0.8,0.08,0.5,1.0,15.0,1.925,500.0,30.0,12.0,0.06,30.0,180.0,0.28,0.72,0.75,0.9,40.0,800.0,8.0,2027.0,0.5,0.032,ok
hpwp_22,3,3008.797261538071,145.48471699906167,2673.6666666666665,103.19560714164791,5818.333333333333,326.9672511633757,7492.273333333334,43.53991425500799,1.0,0.0,0.43677113765213976,0.0016841930043804576,2.0,4.0,60.0,10.0,0.8,0.08,0.85,1.0,15.0,1.925,500.0,30.0,12.0,0.06,30.0,180.0,0.28,0.72,0.75,0.9,40.0,800.0,8.0,2027.0,0.3,0.024,ok
