"Path","Hash"
"D:\Serverless_platform\results\compare\compare_metrics.csv","4CC7508FB972C94F3E256C8151F3CFDF0D97105F1A3FE224CB97036B780E1030"
"D:\Serverless_platform\results\compare\metrics\cold_start_step_rate.csv","059D58C62D6DCEB6814581142E5408A8A77BDA0003F91362F47CAEF8EBD530CD"
"D:\Serverless_platform\results\compare\metrics\ctre95.csv","7C0646E3490C5C7D9E17477921293FEDC0074417732025BA2390911B663CF37C"
"D:\Serverless_platform\results\compare\metrics\e2e_bundle.csv","213C06B637868F4F69811D59DA5CB196D95188C8B50148338A160F73368C0AB3"
"D:\Serverless_platform\results\compare\metrics\memory_time_cost.csv","DB8037E6251EAF258720E3C2A39FF638D58AFC71FCA0BF623F96C5830184A99C"
"D:\Serverless_platform\results\compare\metrics\predictor_prewarm_utilization.csv","C33252027CE0285C5C4FE2A845E5F435969DBF326CCC8C4EB2752DC94C5492E4"
"D:\Serverless_platform\results\compare\metrics\prewarm_cost.csv","4B1A0B785DD240518806FDDBB49B37BA8C9C33D6521FF8CB8B0247E1CD27ED5E"
"D:\Serverless_platform\results\compare\figures\cold_start_step_rate.png","3106BC785169FB5AE7EBF220E3184C4D7CBA1BA8F638450B184691F2F6003630"
"D:\Serverless_platform\results\compare\figures\ctre95.png","13F9A8A6BC5448E20A9C70402052724BDAAECB206BCB53DF65A46120D4B1678D"
"D:\Serverless_platform\results\compare\figures\e2e_bundle.png","B806A7C8EA05526CE5AE562BE4AE58EF49FA13CA50837F48D61323C9C34B0F8A"
"D:\Serverless_platform\results\compare\figures\memory_time_cost.png","942EB25549F2E41FC0D0B0EB306C9FD5353146EB1E190D00ED15C23A125EB894"
"D:\Serverless_platform\results\compare\figures\predictor_prewarm_utilization.png","ECB1E6D5F61554FD385DFEBC594E3D9E3022067F7A60CA7BEDBF0445B447F68E"
"D:\Serverless_platform\results\compare\figures\prewarm_cost.png","38E1F508835F2605D2D9693F4C73248638E3CA51796079572092B5DA0BAD4F5A"
"D:\Serverless_platform\results\ablation_metrics.csv","616C3D02425B7E0611E9604D0A49A9D53414967282C02D10EFA7C6D27D95427B"
"D:\Serverless_platform\results\ablation_pairwise.csv","E4D45F2DC17E4CE0A47A564BCFA4EC3AF8CB0C0C8943A6EDA98E87ACFE2B2A31"
"D:\Serverless_platform\results\ablation_e2e.png","C04C1F11CAAAF7594FB59C5A4B5926CC994C277F6D8CE6E8E1E008352AEB4F5B"
"D:\Serverless_platform\results\ablation_gain.png","240BFECA8D95CB9008F1B59DC238BA37787AD50FAC8C58F578B613744FB74743"
